name,affinity
idx_0,4.5403795588424485
idx_1,4.0240848275904035
idx_2,4.162600022104832
idx_3,4.592793511303414
idx_4,4.514879845431847
idx_5,3.7104265959277525
idx_6,3.8969628530837555
idx_7,3.6910057623788393
idx_8,4.400231282999005
idx_9,4.21099064023806
idx_10,4.359427919541071
idx_11,4.245756397469192
idx_12,4.096016282036551
idx_13,4.366883493787658
idx_15,3.832057628119574
idx_16,4.209184038251011
idx_17,4.178441314560205
